product_id,product_category,brand,base_price,competitor_price,cost_price,stock_quantity,daily_views,daily_sales,add_to_cart_count,customer_rating,review_count,discount_percentage,advertising_spend,promotion_type,day_of_week,season,demand_index,price_elasticity,final_price
1,Home,BrandC,713.25,668.3342123,539.020525,229,455,46,206,3.61,93,44,2981.66,Clearance,6,Festival,6,0.79,481.23
2,Beauty,BrandA,559.29,563.9769562,415.9744897,400,1623,13,114,3.74,374,21,1648.78,Festival,0,Summer,2,1.7,415.4
3,Electronics,BrandA,344.05,369.712403,209.0766458,172,4650,165,272,4.65,126,42,3172.15,Clearance,6,Monsoon,1,0.47,200.12
4,Home,BrandD,823.11,861.3393253,578.1313498,448,3790,102,83,3.65,424,18,4061.13,Festival,3,Summer,6,1.67,751.87
5,Home,BrandC,700.49,743.4386037,500.1909687,229,4324,24,179,4.85,24,7,3097.07,Festival,4,Monsoon,2,1.17,641.54
6,Beauty,BrandA,204.49,210.9839221,147.1605811,279,4277,2,210,3.76,333,7,1549.16,Festival,3,Winter,6,1.55,214.05
7,Electronics,BrandD,915.38,950.5812243,708.551455,129,1896,81,124,4.87,354,41,1353.14,Clearance,5,Monsoon,10,1.46,706.9
8,Electronics,BrandC,831.41,889.4749513,631.938748,403,1528,100,113,4.58,115,25,1704.36,Festival,0,Monsoon,8,0.49,832.2
9,Home,BrandD,952.31,904.6312683,745.0602297,345,2445,142,12,3.41,47,47,906.64,Festival,4,Winter,2,1.18,496.6
10,Clothing,BrandB,739.43,737.8661002,613.331289,409,821,138,126,4.66,225,25,987.74,Sale,5,Festival,9,1.75,684.37
11,Home,BrandA,632.74,597.4596124,533.9665789,191,628,163,53,2.78,265,22,3974.39,Festival,3,Winter,8,0.92,632.74
12,Home,BrandB,447.33,490.959706,364.7693987,488,2951,153,283,4.81,98,42,1985.19,Festival,3,Summer,10,1.94,325.94
13,Home,BrandC,936.09,1019.225901,829.990853,115,243,131,140,4.08,458,12,2236.38,Sale,4,Summer,1,0.96,789.19
14,Home,BrandB,872.76,792.3660288,528.4298007,226,2057,111,97,2.64,10,27,3010.84,Sale,0,Summer,7,0.37,829.42
15,Beauty,BrandB,92.96,96.78205361,61.23585646,214,1235,102,5,4.11,84,8,2989.3,Clearance,3,Summer,10,0.84,118.34
16,Electronics,BrandC,75.05,81.43297724,45.20027813,79,2444,17,57,4.94,404,19,430.15,Festival,2,Summer,6,1.91,66.35
17,Beauty,BrandD,407.64,381.5979467,323.7649777,53,3048,12,69,2.67,213,18,4174.55,Clearance,5,Festival,6,0.71,405.74
18,Beauty,BrandB,820.03,831.1734255,712.9415973,338,1842,182,118,3.89,172,47,968.9,Clearance,4,Festival,6,1.75,480.85
19,Beauty,BrandD,987.91,1070.003009,664.9075787,310,1160,116,59,4.37,390,38,3643.05,Sale,1,Monsoon,6,1.77,676.51
20,Home,BrandB,192.9,174.9196359,169.3874891,237,4055,24,33,4.53,208,11,3886.09,Clearance,1,Summer,10,0.77,239.11
21,Clothing,BrandD,614.42,638.6797921,379.760847,193,2311,29,50,3.53,447,14,3603.01,Festival,0,Winter,7,0.26,695.26
22,Electronics,BrandC,411.85,395.1576377,362.5642433,116,3786,171,19,3.01,381,30,2936.99,Sale,2,Summer,3,1.48,288.8
23,Clothing,BrandB,971.42,1053.87339,685.3239933,93,3843,153,214,2.61,63,13,171.58,Festival,3,Festival,6,0.69,1027.76
24,Beauty,BrandC,850.01,930.0908438,535.8686155,347,1986,122,197,3.95,257,10,1865.84,Festival,1,Summer,3,1.59,759.07
25,Beauty,BrandB,846.41,921.6163198,631.2200147,259,4925,188,47,3.63,331,25,3063.71,Sale,0,Festival,7,0.94,783.35
26,Clothing,BrandC,495.26,492.7058666,335.3073489,372,4407,90,167,4.87,120,41,1998.51,Festival,5,Monsoon,7,1.02,357.96
27,Clothing,BrandC,444.08,476.2351801,304.3999075,450,779,65,289,2.65,297,26,4331.05,Sale,2,Monsoon,8,1.58,397.29
28,Clothing,BrandB,309.74,331.0841461,214.3979981,30,4428,84,141,4.21,465,10,1613.13,Festival,2,Monsoon,2,0.83,283.14
29,Beauty,BrandB,103.56,99.813209,87.08440859,205,3501,119,84,2.56,53,37,1538.32,Sale,6,Festival,9,0.94,86.47
30,Beauty,BrandB,871.49,928.8193093,663.8560983,187,4507,156,182,2.93,330,33,1403.39,Clearance,0,Summer,5,0.81,675.18
31,Electronics,BrandA,822.26,746.1199795,570.1487606,426,4586,16,79,3.63,271,42,1730.63,Festival,0,Summer,9,0.8,640.3
32,Electronics,BrandD,999.73,1018.978777,782.888698,484,2190,175,215,3.64,240,18,2831.28,Sale,6,Winter,10,1.1,1107.81
33,Beauty,BrandA,996.8,942.9745618,812.2376976,16,1694,104,14,4.21,242,5,3564.37,Festival,3,Festival,5,1.64,1016.92
34,Clothing,BrandA,577.66,533.8233334,393.8411941,79,2850,92,215,4.78,17,45,3346.58,Festival,0,Winter,7,0.79,397.51
35,Clothing,BrandC,780.54,714.4990104,565.1614847,136,191,186,128,4.1,482,37,4057.82,Festival,6,Monsoon,9,1.1,642.36
36,Electronics,BrandB,947.53,984.7279008,603.165219,408,1505,27,248,4.88,186,48,4440.98,Sale,3,Summer,4,1.37,520.02
37,Beauty,BrandD,857.17,829.7191245,560.8847364,475,4846,181,29,4.7,345,41,4098.79,Clearance,3,Festival,2,0.61,524.32
38,Electronics,BrandC,284.98,297.7908069,229.2194898,169,2146,170,280,3.96,143,27,192.83,Clearance,4,Winter,9,0.63,283.77
39,Electronics,BrandA,478.02,436.4663276,312.8313477,257,1375,187,202,4.58,261,0,3706,Clearance,2,Winter,2,1.87,442.98
40,Home,BrandB,172.7,166.3201283,130.8287149,212,1263,175,57,4.11,440,34,1121.16,Sale,5,Winter,3,1.47,114.28
41,Home,BrandC,956.35,963.9034995,777.2389177,157,1209,162,218,2.7,363,39,751.35,Clearance,2,Summer,10,1.2,781.3
42,Home,BrandB,625.87,662.2609814,395.589318,481,4700,165,62,4.35,490,7,3228.6,Sale,2,Summer,2,1.33,565.11
43,Clothing,BrandC,267.21,257.5237713,205.8034495,152,4549,134,157,2.74,430,46,1666.74,Festival,4,Summer,3,0.16,163.32
44,Beauty,BrandB,688.12,705.4456748,465.8357948,441,4747,135,202,3.99,238,6,379.87,Festival,3,Festival,6,1.27,746.12
45,Beauty,BrandA,637.22,686.4105481,566.410879,208,390,153,17,4.26,303,10,774.39,Clearance,3,Summer,3,1.07,595.77
46,Beauty,BrandD,390.25,399.2931218,290.7611066,414,3878,33,6,2.67,297,38,104.55,Sale,0,Festival,10,1.14,325.79
47,Beauty,BrandA,157.88,149.4479284,132.9030311,435,2018,55,58,3.08,75,3,4525.8,Festival,4,Winter,8,0.78,198.89
48,Home,BrandD,687.99,622.5484987,526.3591076,163,753,186,169,4.79,187,24,220.63,Sale,0,Winter,6,0.25,663.16
49,Clothing,BrandB,544.29,584.5782232,333.6627023,385,4463,7,82,4.04,332,11,1126.33,Sale,4,Monsoon,7,0.47,624.61
50,Clothing,BrandC,783.7,708.6637675,619.0802199,393,2479,57,219,3.12,387,25,2139.69,Festival,0,Summer,1,1.91,518.19
51,Home,BrandA,544.16,584.9395324,481.8106928,151,1850,126,177,4.23,486,37,1847.2,Sale,1,Winter,3,0.88,362.36
52,Clothing,BrandD,859.57,864.5446985,670.8802417,322,4962,12,204,3.99,245,45,4567.46,Festival,6,Summer,3,0.99,494.7
53,Home,BrandA,574.31,624.742194,485.7265062,174,4698,16,71,3.75,129,11,297.42,Festival,2,Festival,2,0.2,551.22
54,Beauty,BrandD,582.89,617.7215521,504.3525316,323,905,43,266,4.94,473,42,2609.85,Festival,2,Winter,7,0.17,448.77
55,Home,BrandA,882.82,970.7372383,590.0980153,30,1862,117,98,4.21,314,36,3434.35,Sale,5,Summer,9,1.46,714.88
56,Beauty,BrandD,433.31,420.3723874,287.5503449,91,2916,135,291,3.44,410,45,4665.32,Festival,6,Winter,4,1.12,257.18
57,Beauty,BrandD,177.31,186.7850311,138.8859117,78,3692,111,208,4.5,282,23,3139.82,Sale,3,Winter,5,1.07,154.17
58,Electronics,BrandB,77.34,75.82306737,55.94068256,140,232,51,2,4.71,78,15,4038.4,Festival,5,Summer,3,0.56,71.59
59,Home,BrandD,767.38,764.2913907,653.77583,96,3162,160,124,2.81,71,12,510.25,Festival,1,Winter,9,1.52,849.98
60,Electronics,BrandB,639.29,655.5925935,556.1867348,227,4542,75,280,3,262,24,1991.1,Clearance,5,Winter,4,0.42,559.53
61,Home,BrandD,718.88,772.6058008,507.5482683,430,1567,8,74,3.04,190,3,1932.34,Clearance,2,Winter,5,0.46,833.31
62,Home,BrandC,252.32,276.7487882,169.3221538,481,1406,45,166,4.23,366,10,4442.81,Clearance,3,Winter,1,0.98,217.16
63,Electronics,BrandC,179.55,189.1836983,149.7730069,314,2224,59,22,4.01,374,31,841.72,Sale,1,Festival,2,0.64,128.08
64,Electronics,BrandC,63.82,62.77037521,43.55343636,412,3679,132,154,4.05,429,48,844.24,Sale,2,Winter,9,0.57,45.53
65,Home,BrandD,383.06,377.0350027,324.3691923,380,3678,104,295,4.85,62,6,1709.93,Festival,6,Monsoon,2,1.33,349.59
66,Clothing,BrandB,610.42,639.4249977,443.8494914,354,4146,195,219,4.44,487,45,366.88,Festival,0,Winter,5,1.34,370.07
67,Beauty,BrandB,422.63,400.549877,338.2159842,350,3289,157,157,2.82,379,10,994.04,Festival,4,Summer,8,1.67,456.31
68,Electronics,BrandD,465.6,429.3273494,292.7043726,393,3741,157,230,3.37,11,27,4829.53,Festival,1,Monsoon,3,0.89,358.93
69,Beauty,BrandC,908.95,882.521762,715.4870799,405,68,98,20,3.59,140,40,2198.1,Sale,3,Festival,6,0.24,692.36
70,Clothing,BrandC,380.84,364.6344195,280.1193608,454,3453,156,41,3.49,253,22,3196.89,Festival,5,Monsoon,4,0.62,335.66
71,Clothing,BrandB,538.29,516.3609396,417.7036409,434,4729,79,148,4.17,42,44,3657.95,Festival,6,Monsoon,7,1.96,340.26
72,Clothing,BrandC,794.47,752.14187,516.7266743,170,4601,124,108,4.73,16,22,1898.11,Clearance,5,Monsoon,10,1.23,827.72
73,Electronics,BrandA,426.72,387.6404012,350.3636293,187,3054,172,84,3.27,62,49,821.41,Festival,1,Summer,3,1.45,218.58
74,Clothing,BrandB,640.98,579.1733669,550.4987012,126,1182,4,290,3.88,252,27,1112.25,Festival,6,Summer,6,0.11,601.67
75,Electronics,BrandC,869.25,954.0405375,578.0703214,205,3389,90,134,4.47,464,42,1635.01,Festival,3,Summer,10,1.08,682.53
76,Clothing,BrandB,952.04,938.2874268,598.5612256,392,3361,104,207,3.54,375,46,3216.74,Sale,1,Festival,9,0.17,732.99
77,Beauty,BrandA,189.72,185.3308903,115.1774138,499,3422,137,283,2.92,291,25,2051.57,Clearance,3,Summer,10,1.18,190.91
78,Beauty,BrandB,930.26,963.6837362,737.3161224,336,1037,119,266,3.69,468,24,133.39,Festival,5,Summer,1,1.85,626.45
79,Home,BrandB,517.51,488.3487139,404.7591704,95,3371,133,73,2.64,7,28,2664.7,Festival,2,Monsoon,3,1.94,358.88
80,Beauty,BrandB,295.33,321.9074073,225.6348441,298,4665,56,48,4.86,324,18,4615.42,Clearance,6,Summer,2,1.13,239.34
81,Home,BrandB,486.18,514.0230438,325.5384118,90,223,96,233,2.69,89,32,4079.18,Festival,0,Winter,8,0.97,421.92
82,Beauty,BrandA,981.03,900.4699751,703.6651527,161,3791,178,100,3.6,207,35,4143.54,Sale,2,Summer,7,1.9,723.41
83,Electronics,BrandD,517.99,509.4515332,403.1738391,70,3102,75,59,3.82,291,13,3995.78,Festival,0,Festival,2,1.38,435.6
84,Beauty,BrandB,362.31,389.7816708,271.3810802,70,776,143,258,4.96,283,13,1686.28,Sale,5,Festival,6,0.22,400.95
85,Home,BrandB,651.73,709.6990402,584.1688371,363,3810,32,65,2.92,117,34,3849.45,Sale,6,Winter,3,0.98,450.51
86,Home,BrandC,278.14,276.3266113,178.2688058,37,1925,28,83,2.79,348,29,801.49,Festival,2,Festival,8,0.56,261.81
87,Clothing,BrandB,122.07,124.8388257,98.69888871,451,4083,22,154,2.52,174,27,3322.81,Clearance,2,Festival,10,0.99,121.63
88,Electronics,BrandC,172.44,160.9566667,124.3802185,52,1039,17,266,2.89,75,16,3243.69,Sale,1,Monsoon,3,0.97,151.85
89,Beauty,BrandD,171.64,188.5008366,125.0328546,178,3794,59,79,3.02,100,2,225.29,Clearance,4,Winter,10,1.21,225.08
90,Clothing,BrandA,194.31,183.8822257,158.4169266,432,2736,90,150,4.08,413,15,3961.05,Festival,5,Monsoon,9,0.78,222.16
91,Beauty,BrandA,181.89,197.9956965,146.9181635,95,469,199,48,3.05,150,45,4525.92,Sale,3,Monsoon,1,0.41,100.9
92,Beauty,BrandD,658.83,678.5483404,591.2187559,186,643,106,248,2.55,399,29,1410.33,Festival,5,Summer,5,1.06,528.67
93,Clothing,BrandA,222.79,227.5905361,142.2554891,26,1824,185,278,4.57,269,28,4080.71,Clearance,3,Winter,3,1.68,157.94
94,Clothing,BrandD,378.38,379.3402158,238.8459027,107,2509,26,98,3.41,457,44,503.79,Festival,6,Summer,6,1.36,242.48
95,Clothing,BrandD,901.95,853.3655273,737.1652188,463,985,25,25,3.38,70,14,3039.84,Festival,3,Summer,10,0.74,1083.35
96,Clothing,BrandD,500.26,467.8959827,386.9591517,207,3858,138,284,3.26,492,45,2479.67,Sale,0,Monsoon,2,1.88,254.76
97,Clothing,BrandA,684.18,645.9324509,466.7805735,107,381,45,68,4.94,179,24,2775.03,Festival,3,Festival,9,1.83,637.33
98,Beauty,BrandC,213.7,200.2983713,133.3115757,74,3499,83,7,2.93,123,37,4638.41,Festival,3,Winter,6,0.5,166.69
99,Clothing,BrandD,232.67,245.6801839,145.5810315,339,2752,11,137,4.75,380,41,4369.44,Festival,1,Festival,7,0.17,182.22
100,Electronics,BrandB,88.83,86.16732535,77.12729262,350,4056,181,164,4.44,292,46,3946.91,Sale,2,Monsoon,5,1.51,52.09
101,Home,BrandA,210.49,191.876061,138.409846,14,3918,104,83,2.69,284,37,1441.12,Clearance,5,Monsoon,9,1.67,164.77
102,Clothing,BrandD,314.66,344.1815667,219.3216287,11,4250,68,138,4.97,194,22,4567.91,Clearance,5,Monsoon,1,1.94,215.83
103,Clothing,BrandD,218.16,234.9053457,145.7302082,31,251,95,73,3.18,398,24,577.79,Festival,6,Monsoon,5,1.79,175.79
104,Beauty,BrandB,134.27,145.7568598,94.8616062,121,2547,156,237,2.75,227,41,4281.31,Sale,6,Monsoon,10,1.24,105.72
105,Clothing,BrandC,164.6,180.8923655,102.1881494,66,1892,65,46,4.57,430,6,1707.98,Festival,3,Monsoon,6,1.11,181.05
106,Clothing,BrandC,487.74,455.9291338,368.5938667,75,1916,49,106,4.27,429,21,363.48,Clearance,4,Festival,7,0.15,512.49
107,Clothing,BrandC,246.02,240.9146923,152.6022129,339,2046,175,288,4.04,435,16,3379.85,Sale,5,Summer,4,0.57,234.62
108,Beauty,BrandD,396.06,416.5155861,332.7327595,107,959,52,262,2.89,274,17,1233.27,Clearance,6,Festival,1,0.97,314.65
109,Clothing,BrandD,528.25,548.9595783,353.9875222,153,4355,102,176,3.7,460,48,1293.5,Clearance,3,Winter,8,1.29,340.63
110,Home,BrandD,705.88,657.0184085,537.8830831,377,4708,182,166,4.45,105,40,1599.63,Sale,6,Festival,10,1.16,569.26
111,Beauty,BrandA,87.35,92.86760469,75.47247249,444,3239,188,145,3.26,20,9,412.06,Sale,0,Monsoon,4,1.51,82.87
112,Home,BrandB,809.44,764.8302353,643.7178533,134,820,57,283,3.28,63,9,967.92,Festival,0,Festival,3,0.63,796.88
113,Beauty,BrandD,646.51,610.7990652,491.2747616,176,3205,47,54,2.51,164,6,125.18,Festival,6,Summer,7,1.17,734.49
114,Clothing,BrandB,127.67,128.6141049,89.02430708,95,2551,159,178,2.94,26,47,2282.51,Clearance,0,Winter,2,0.27,72.47
115,Home,BrandB,879.9,896.2555697,615.842515,85,2764,174,244,4.69,310,49,512.85,Sale,6,Festival,8,0.89,576.9
116,Beauty,BrandC,924.83,939.6432255,740.6464862,353,4774,26,127,3.6,499,37,3445,Sale,3,Summer,6,1.53,656.93
117,Electronics,BrandA,108.02,99.19448164,97.02808014,433,3635,114,271,4.96,284,26,1254.55,Festival,1,Festival,7,1.42,94.49
118,Clothing,BrandD,313.03,336.6613148,249.9706565,303,1678,5,132,3.49,147,32,4723.51,Clearance,4,Winter,5,1.98,222.1
119,Beauty,BrandC,815.89,777.6410837,626.0609737,453,436,84,93,4.29,280,0,4369.13,Clearance,3,Festival,9,0.63,1112.93
120,Electronics,BrandC,760.85,704.4732856,623.2846322,68,3471,52,73,3.2,325,43,1518.26,Festival,1,Monsoon,5,1.05,490.59
121,Beauty,BrandD,225.29,242.806211,166.6158517,147,4058,105,248,3.41,318,33,3937.76,Sale,1,Festival,5,0.73,175.84
122,Electronics,BrandB,248.88,271.560509,153.8184679,108,4143,54,273,2.98,163,3,4035.9,Festival,5,Summer,3,0.94,253.77
123,Clothing,BrandC,401.95,431.0614392,308.9745615,201,4413,161,43,3.37,385,16,4934.16,Festival,3,Festival,1,1.73,302.23
124,Home,BrandB,510.3,541.8892106,452.7828548,252,2516,178,41,3.87,405,3,3029.42,Festival,3,Summer,2,1.4,477.62
125,Electronics,BrandA,637.34,657.1283848,415.9222732,328,2332,166,170,4.98,223,42,501.63,Festival,6,Winter,8,1.78,439.32
126,Beauty,BrandB,400.47,404.5433702,323.1798776,58,1906,155,212,4.16,271,25,3269.5,Sale,1,Festival,1,0.49,300.64
127,Clothing,BrandA,489.41,448.983438,323.147687,457,2048,15,168,3,145,3,3162.4,Festival,1,Winter,7,1.76,544.97
128,Electronics,BrandB,760.1,746.1830575,578.2447869,41,1286,61,39,2.61,452,0,3227.92,Sale,1,Winter,5,0.21,930.58
129,Beauty,BrandC,84.85,82.68952413,53.37089903,400,4719,122,245,2.82,437,6,1605.01,Festival,6,Festival,3,1.79,77.8
130,Beauty,BrandC,289.82,275.8943683,213.0499514,286,4194,21,151,3.91,355,29,4312.43,Clearance,5,Summer,7,0.73,258.89
131,Beauty,BrandA,727.68,760.1956697,601.6814794,29,1200,46,111,4.41,29,49,4801.41,Sale,3,Winter,9,0.7,502.92
132,Electronics,BrandD,900.45,899.7072611,634.1612337,163,4368,197,47,4.85,44,8,1166.79,Clearance,1,Winter,2,1.07,823.18
133,Electronics,BrandA,536.09,491.1706132,428.5897579,392,1481,134,63,2.54,274,34,531.95,Festival,0,Festival,8,1.89,416.61
134,Electronics,BrandA,555.51,524.4217941,465.8701223,77,1869,38,225,3.81,470,7,1053.22,Festival,3,Festival,9,0.19,735.14
135,Home,BrandB,151.81,157.3741026,133.3124594,375,2374,62,69,3.68,33,23,4120.71,Festival,6,Festival,3,0.77,124.82
136,Electronics,BrandB,475.04,434.7690407,318.4633124,381,1180,86,299,4.14,140,18,3415.56,Sale,5,Festival,2,1.73,365.29
137,Electronics,BrandA,555.99,595.0435064,400.1986968,223,2708,190,290,3.9,426,35,3216.63,Clearance,0,Festival,7,0.85,449.66
138,Electronics,BrandC,280.35,280.0778658,181.0289488,152,3550,78,296,4.22,317,49,2068.79,Sale,6,Monsoon,5,0.48,170.54
139,Home,BrandB,305.78,304.5927527,274.5124816,385,424,46,203,4.15,373,42,2931.36,Sale,2,Festival,5,0.91,203.2
140,Electronics,BrandD,408.42,415.9682375,358.6337206,241,2170,141,61,2.79,220,26,1608.58,Festival,3,Summer,10,0.83,418.6
141,Beauty,BrandB,69.07,73.55514286,52.6304517,222,4070,3,161,4.5,355,31,2438.28,Clearance,2,Winter,5,1.84,50.31
142,Electronics,BrandB,355.98,345.1446244,303.5121036,88,2071,6,16,2.81,21,13,3986.01,Festival,6,Summer,4,1.55,321.77
143,Beauty,BrandD,250.88,259.8121385,189.7373812,223,3755,93,94,4.25,179,17,4908.08,Sale,6,Summer,5,1.06,235.34
144,Beauty,BrandA,361.12,365.8674254,284.2287791,125,3309,8,138,3.54,435,27,4669.2,Festival,6,Monsoon,4,1.98,264.06
145,Beauty,BrandD,163.77,156.139244,102.6407725,101,3485,172,38,3.78,366,28,4675.94,Clearance,1,Festival,6,0.98,139.61
146,Home,BrandA,896,963.8504936,740.616689,279,1939,108,127,4.76,419,15,2070.9,Festival,5,Winter,4,0.21,895.12
147,Home,BrandA,613.91,650.4285618,391.8673754,420,1873,161,275,4.72,328,34,2397.07,Clearance,1,Summer,2,0.6,420.47
148,Home,BrandA,695.15,717.1795586,589.362274,390,1524,75,164,4.54,230,46,3557.61,Clearance,5,Festival,9,0.93,497.99
149,Electronics,BrandD,799.71,855.7827429,667.4447046,498,2292,77,77,3.78,498,30,4618.74,Festival,4,Festival,2,0.4,592.09
150,Beauty,BrandA,523.52,561.977172,425.4246072,177,3293,50,174,4.34,402,3,795.77,Sale,1,Monsoon,9,1.9,618.77
151,Home,BrandC,132.57,138.094536,80.98013449,67,3184,11,91,3.78,37,36,1590.79,Festival,2,Monsoon,10,1.56,110.09
152,Home,BrandD,560.25,598.0123434,387.0982984,293,2120,95,238,4.67,69,16,782.31,Sale,5,Monsoon,6,0.61,576.62
153,Electronics,BrandC,607.5,631.4927826,412.4522659,35,409,156,264,3.51,115,38,3098.84,Sale,1,Winter,9,1.22,486.76
154,Home,BrandA,758.17,785.4854658,536.815386,378,2091,70,179,4.93,238,47,1600.87,Festival,3,Summer,9,1.47,507.98
155,Electronics,BrandB,460.08,470.9941446,288.1448025,456,1191,169,209,4.83,334,45,1697.93,Sale,6,Monsoon,3,1.89,244.74
156,Clothing,BrandA,171.2,179.8530177,150.8421538,75,1685,16,73,4.35,440,25,447.49,Sale,5,Monsoon,1,1.78,114.45
157,Home,BrandC,319.59,297.7687211,244.8508974,418,4050,68,107,3.2,147,47,1814,Festival,5,Monsoon,1,1.08,160.52
158,Clothing,BrandC,394.93,425.0134578,273.1562148,257,1993,99,295,2.83,8,38,4326.23,Festival,1,Summer,3,1.57,243.38
159,Electronics,BrandD,663.62,712.9725604,477.2054623,263,4824,48,284,4.64,287,40,1242.06,Festival,4,Summer,5,1.17,445.58
160,Beauty,BrandB,592.24,536.4802822,434.7993698,396,3411,184,182,2.91,387,3,3506.42,Sale,1,Monsoon,3,1.15,592.51
161,Home,BrandD,388.29,413.5922772,302.9354321,465,3030,64,37,4.64,49,29,3185.18,Clearance,2,Monsoon,9,0.32,387.35
162,Electronics,BrandC,987.19,913.9148089,745.0360723,53,56,187,137,3.73,337,29,4331.07,Sale,2,Festival,9,0.34,982.89
163,Beauty,BrandA,625.49,604.8636984,547.8151456,106,3317,90,56,3.52,4,21,748.21,Clearance,5,Monsoon,3,1.11,511.48
164,Beauty,BrandB,275.37,288.7809737,206.2766503,51,1641,190,187,4.76,403,10,4890.19,Festival,5,Winter,3,0.61,268.62
165,Clothing,BrandA,146.69,136.7373738,131.6758978,236,4978,76,258,4.01,342,1,2954.88,Clearance,1,Winter,5,0.14,179.02
166,Electronics,BrandA,195.22,207.6347045,166.9965541,271,3314,139,58,3.94,125,43,4977.82,Festival,2,Monsoon,2,1.47,106.72
167,Beauty,BrandB,283.66,302.5026362,187.9398278,176,2656,101,123,3.9,74,11,4566.42,Festival,2,Summer,6,0.16,323.03
168,Home,BrandD,202.65,202.9526672,178.1655361,445,3269,89,188,3.43,164,29,1185.43,Clearance,4,Festival,7,1.23,172.97
169,Home,BrandA,227.24,204.8062251,144.2769301,288,3323,18,230,4.46,277,35,375.19,Festival,3,Summer,9,1.12,192.6
170,Clothing,BrandC,320.84,307.1746629,271.1851693,98,963,19,168,3.13,441,17,1352.63,Clearance,4,Monsoon,6,1.94,289.94
171,Beauty,BrandA,214.7,219.7208419,153.3359463,388,2061,55,114,4.85,323,25,2685.06,Festival,0,Winter,3,1.02,168.04
172,Electronics,BrandB,901.93,988.7292499,778.7194137,187,1492,102,252,4.73,476,6,940.82,Sale,6,Festival,5,0.22,1036.95
173,Home,BrandB,126.22,129.5475007,108.6018346,436,3104,118,107,3.34,299,0,920.55,Sale,4,Summer,4,1.15,135.84
174,Beauty,BrandB,548.29,521.9505411,461.5382513,412,3596,154,37,4.32,289,25,2366.71,Festival,1,Summer,5,1.7,439.33
175,Beauty,BrandD,439.88,451.6692857,368.1835765,206,4271,134,92,3.93,76,22,263.01,Festival,3,Monsoon,8,1.99,400.62
176,Clothing,BrandA,983.26,991.1232049,679.8296431,316,4962,4,18,3.34,297,25,697.25,Clearance,1,Festival,8,0.92,945.44
177,Home,BrandD,156.44,165.1958027,97.66170379,276,2978,108,63,4.97,136,44,2137.72,Sale,6,Winter,6,0.71,106.34
178,Home,BrandD,427.96,394.3206868,308.5138192,277,1879,115,150,2.56,105,5,409.34,Clearance,0,Monsoon,1,1.82,361.16
179,Electronics,BrandB,971,1021.691619,633.1476912,83,625,29,139,3.13,94,5,2044.1,Festival,3,Festival,8,0.46,1234.64
180,Home,BrandB,872.23,879.4287896,705.1851565,17,979,59,186,3.8,134,43,2422.63,Festival,5,Summer,8,1.27,617.6
181,Electronics,BrandD,826.22,902.7266507,581.5183548,417,3809,125,185,3.8,67,7,2311.21,Clearance,2,Monsoon,2,0.87,777.57
182,Home,BrandA,295.01,285.6801415,263.3504296,485,3749,98,205,3.97,146,23,4358.96,Festival,4,Summer,4,0.18,267.77
183,Clothing,BrandC,212.34,217.9721866,168.2352033,306,1513,17,260,4.38,489,21,2697.31,Sale,1,Summer,2,0.76,171.49
184,Home,BrandD,685.21,744.4159956,580.1975721,173,3325,107,214,4.06,477,18,2393.1,Clearance,0,Monsoon,4,0.6,636.08
185,Electronics,BrandA,932.91,858.7454701,596.8360777,494,4978,43,256,4,158,36,2112.48,Sale,2,Monsoon,10,1.4,785.61
186,Electronics,BrandB,578.92,629.5440632,497.0632272,94,1104,80,135,2.63,383,17,4106.35,Sale,4,Monsoon,7,1.9,545.11
187,Clothing,BrandB,593.03,615.314374,519.984809,81,1950,194,61,3.44,162,30,4485.78,Sale,2,Monsoon,9,0.61,567.32
188,Home,BrandA,315.98,288.6690308,235.7585475,64,1507,162,88,3.08,440,36,4280.89,Clearance,4,Monsoon,8,1.64,243.23
189,Home,BrandC,781.02,749.929713,610.6607008,402,1449,8,207,3.16,340,29,3400.38,Festival,5,Summer,9,0.21,787.52
190,Clothing,BrandB,227.69,237.1697406,188.8558631,56,3465,141,129,3.89,188,41,773.07,Sale,3,Winter,8,1.12,169.13
191,Home,BrandB,357.5,326.565568,233.2514428,408,492,106,3,3,414,32,1456.66,Sale,2,Winter,2,0.23,261.4
192,Home,BrandB,454.16,461.6237072,340.9696228,441,3700,8,242,3.23,338,9,325.71,Sale,2,Monsoon,7,1.87,470.04
193,Electronics,BrandA,532.23,515.8248679,382.992127,247,4702,96,121,3.09,94,36,4661.04,Festival,2,Summer,2,1.56,324.13
194,Home,BrandD,280.29,287.0682821,180.4821499,113,1228,94,102,4.87,180,11,3337.91,Festival,3,Winter,2,1.35,241.77
195,Home,BrandB,159.09,144.63642,112.9953154,219,4508,65,38,4.86,287,29,3757.18,Clearance,0,Winter,4,1.67,116.15
196,Clothing,BrandD,630.09,676.9103252,390.9404071,51,1307,171,133,4.02,321,26,1626.7,Festival,4,Winter,1,1.33,432.11
197,Clothing,BrandC,324.2,354.9010248,197.0304661,325,3684,39,202,4.81,186,38,4243.7,Clearance,5,Summer,5,1.94,210.43
198,Beauty,BrandB,602.18,658.6497734,385.7263308,477,1891,81,21,4.46,371,8,1372.06,Clearance,2,Monsoon,6,1.46,628.45
199,Electronics,BrandB,196.64,206.4583072,174.8000867,463,2359,187,242,3.97,137,20,108.05,Clearance,6,Monsoon,9,1.86,192.33
200,Home,BrandC,507.08,469.5648261,387.8446311,277,960,84,109,2.52,129,11,1944.43,Clearance,3,Monsoon,10,1.08,610.97
201,Home,BrandB,555.96,584.6768013,494.6635466,395,4390,88,84,4.43,193,28,2896.73,Clearance,0,Festival,8,0.32,543.03
202,Beauty,BrandD,99.23,89.79495194,72.41302934,272,4687,86,83,4.26,315,32,2445.65,Sale,4,Festival,2,1.1,66.87
203,Home,BrandA,369.77,334.4291251,256.4520755,345,4059,93,291,4.04,471,42,4324.17,Festival,3,Festival,1,0.34,217.79
204,Electronics,BrandD,177.69,171.42146,133.5949043,396,2219,86,69,4.4,272,14,616.49,Sale,5,Summer,2,1.23,149.68
205,Beauty,BrandA,110.21,109.9596732,80.65757496,374,2222,44,129,3.78,351,1,2813.73,Clearance,5,Winter,7,1.02,133.66
206,Electronics,BrandA,990.46,1044.025546,625.672993,268,173,137,196,4.26,143,38,2613.6,Festival,4,Winter,4,1.28,653.28
207,Beauty,BrandD,356.24,369.299429,282.2303899,292,3208,165,140,4.84,15,43,1478.83,Sale,2,Summer,10,0.12,300.97
208,Beauty,BrandD,819.38,810.5147519,544.7332098,123,835,74,283,3.44,301,17,4128.92,Sale,5,Summer,5,0.47,811.95
209,Clothing,BrandD,291.91,278.693872,229.405176,372,2466,36,234,4.27,422,2,3788.96,Clearance,0,Monsoon,7,1.03,350.13
210,Electronics,BrandD,697.43,766.771908,554.4989244,49,846,101,23,3.69,244,6,3691.01,Sale,3,Monsoon,3,1.91,633.02
211,Home,BrandC,772.22,760.819145,498.5509896,495,4222,156,153,4.19,414,42,4393.34,Sale,0,Festival,10,0.83,620.34
212,Home,BrandB,615.86,609.8722426,380.8508344,426,4204,170,277,4.41,106,17,3641.64,Sale,2,Festival,2,0.91,515.38
213,Electronics,BrandA,498,464.4969326,415.445781,229,1986,171,61,2.61,87,43,1236.02,Sale,0,Summer,7,1.46,334.39
214,Home,BrandD,441.25,467.2669427,325.6160811,138,2206,170,52,4.12,128,37,3557.26,Sale,0,Festival,5,1.25,308.88
215,Home,BrandD,381.42,396.1948549,235.5074505,17,3857,104,153,3.07,394,36,1607.74,Clearance,1,Winter,1,0.67,240.22
216,Electronics,BrandD,933.05,880.9428174,838.3080052,110,1351,66,237,4.18,374,32,1286.66,Clearance,0,Summer,1,0.88,612.31
217,Beauty,BrandC,839.09,769.0060223,517.9989273,425,4213,55,32,3.67,340,43,457.72,Sale,4,Summer,9,0.51,659.86
218,Electronics,BrandD,966.78,1001.680623,781.6518476,389,3190,176,55,4.43,3,30,3745.74,Clearance,3,Winter,5,1.94,708.49
219,Beauty,BrandD,168.08,173.274049,150.4490261,185,3286,91,36,2.81,326,10,3583.9,Clearance,1,Monsoon,1,0.35,153.46
220,Home,BrandD,744.32,710.5665062,499.9999606,116,2402,22,110,4.07,409,3,1249.05,Festival,3,Monsoon,7,0.81,901.65
221,Home,BrandB,941.42,1026.310395,605.0269202,110,1982,101,177,3.2,366,17,3771.96,Sale,3,Winter,9,0.15,1116.26
222,Home,BrandC,222.17,206.6651064,141.3924276,269,2771,155,295,4.63,305,3,4597.42,Clearance,2,Winter,1,0.52,215.1
223,Clothing,BrandD,113.17,111.6384659,78.19849454,487,414,121,97,4.82,395,48,629.34,Clearance,2,Festival,10,1.58,76.23
224,Beauty,BrandA,754.06,820.9626042,475.2943813,463,4966,93,213,4.99,94,33,1239.92,Sale,1,Summer,4,0.48,578.5
225,Clothing,BrandA,595.75,586.1855098,481.1565358,375,2440,195,137,4.49,208,28,3776.28,Festival,5,Festival,3,0.25,481.25
226,Clothing,BrandA,849.74,873.2822078,525.7235498,255,996,108,6,4.38,224,23,1445.08,Sale,6,Winter,5,1,743.52
227,Electronics,BrandC,182.78,179.0364608,137.601653,284,1427,141,109,3.04,458,21,3160.85,Festival,2,Festival,7,0.12,192.62
228,Clothing,BrandC,805.5,769.1260691,724.1517947,41,1489,173,35,3.34,347,1,497.7,Sale,6,Winter,8,0.26,1088.13
229,Electronics,BrandA,241.55,264.9309602,203.9143556,146,3230,10,39,3.66,479,43,2315.79,Sale,2,Festival,2,1.63,130.23
230,Electronics,BrandD,205.47,201.7441717,161.2047414,21,4907,9,150,4.43,320,5,3721.55,Sale,2,Festival,7,1.57,227.76
231,Clothing,BrandC,206.05,222.2908282,142.5610676,404,390,182,118,4.79,46,41,3463.92,Sale,3,Monsoon,1,1.84,107.81
232,Beauty,BrandA,823.85,779.3546204,648.5089754,311,3039,155,261,2.97,475,24,4093.85,Festival,1,Winter,7,1.72,721.22
233,Beauty,BrandA,681.94,642.8109244,516.9871968,384,432,34,87,4.81,180,20,4399.52,Festival,3,Festival,8,1.4,669.98
234,Beauty,BrandD,546.91,495.6245083,398.054779,25,1606,129,76,4.24,105,15,3888.6,Clearance,4,Summer,2,0.2,501.33
235,Beauty,BrandB,390.89,402.7470091,249.8620137,138,349,160,214,4.03,198,30,3390.78,Sale,3,Festival,9,1.59,342.32
236,Beauty,BrandC,883.34,860.1128121,764.9558902,72,188,89,285,3,385,13,255.44,Festival,6,Festival,1,1.71,689.1
237,Clothing,BrandD,422.82,453.631591,310.7453836,118,408,93,239,2.64,105,38,2721.34,Festival,6,Summer,6,1.62,293.28
238,Clothing,BrandA,825.77,821.3455089,543.6760295,384,4981,71,165,3.92,279,27,284.72,Festival,4,Winter,1,1.07,571.77
239,Home,BrandA,467.18,510.9261211,331.8509441,30,1572,67,87,4.13,259,31,4059.53,Sale,0,Monsoon,3,0.54,351.71
240,Beauty,BrandD,408.1,382.4325926,295.5619056,167,3506,148,141,3.03,107,27,1671.55,Clearance,0,Monsoon,6,1.71,330.73
241,Clothing,BrandC,489.55,525.6418944,415.266353,278,1677,117,160,3.89,18,48,2855.9,Festival,4,Monsoon,3,1.48,255.01
242,Home,BrandB,336.31,354.9144575,275.8025557,171,1353,94,46,4.64,409,8,1469.28,Sale,4,Summer,8,1.96,362.18
243,Beauty,BrandB,760.23,801.4225828,631.5925978,269,1184,163,112,4.59,458,44,3934.25,Festival,3,Festival,5,0.4,511.69
244,Electronics,BrandA,527.58,563.9601471,318.2939623,421,2236,99,45,4.82,295,21,4443.86,Festival,4,Winter,2,0.53,435.39
245,Home,BrandC,270.6,284.7266184,196.1433816,111,3220,113,247,3.41,305,31,2053.35,Clearance,1,Festival,4,0.5,213.39
246,Clothing,BrandB,904.6,927.4357806,673.3871759,232,3885,103,104,3.3,170,4,4328.32,Festival,0,Monsoon,9,1.61,1084.59
247,Electronics,BrandC,414.7,384.1154502,251.2077112,68,2201,91,85,4.37,330,22,1408.67,Festival,0,Festival,4,0.46,371.09
248,Electronics,BrandC,566.38,513.4264355,383.9739016,256,1287,90,134,3.58,492,4,2719.84,Sale,5,Summer,10,0.23,797.25
249,Electronics,BrandA,911.15,987.8411033,754.5114217,137,3785,17,108,2.72,194,41,4307.93,Sale,4,Summer,10,2,671.97
250,Home,BrandB,643.03,658.0319303,412.2676962,292,2884,18,18,3.21,11,31,1696.82,Clearance,2,Winter,8,0.15,611.99
251,Clothing,BrandD,161.05,170.6014661,122.493509,334,4310,173,94,3.55,194,9,4774.81,Sale,2,Winter,5,1.69,156.71
252,Electronics,BrandA,942.84,939.3557068,626.5742799,34,1048,116,150,3.23,489,38,697.21,Sale,4,Monsoon,10,0.79,812.64
253,Beauty,BrandB,646.32,596.8517257,390.1421697,140,2617,93,246,3.33,282,14,189.55,Clearance,1,Winter,1,1.7,498.83
254,Electronics,BrandB,368.16,340.5616803,247.5362186,362,1357,181,289,3.23,368,6,4530.26,Festival,2,Festival,7,1.15,419.01
255,Electronics,BrandB,182.31,189.0760815,162.7594633,205,706,91,209,2.6,181,28,436.38,Clearance,5,Summer,3,1.81,127.82
256,Home,BrandB,804.32,793.1087275,675.9996989,290,2710,82,126,4.09,449,46,4960.26,Sale,6,Summer,10,1.86,549.32
257,Home,BrandB,639.07,600.7928674,567.4129938,413,2261,68,235,3.99,304,2,4761.84,Clearance,4,Summer,8,0.12,866.41
258,Clothing,BrandC,556.79,555.8539855,415.5636759,427,1959,193,122,4.13,143,18,771.4,Festival,1,Winter,3,0.24,512.75
259,Beauty,BrandA,899.2,820.8273352,569.122437,163,3780,114,138,2.98,385,9,2734.16,Clearance,1,Summer,1,0.58,812.08
260,Home,BrandC,799.17,812.2718171,610.8758354,391,2096,1,115,3.24,315,27,1006.11,Sale,3,Summer,5,1.37,641.37
261,Electronics,BrandD,194.09,185.122786,142.9110291,142,3212,58,162,4.05,181,28,2197.96,Sale,1,Summer,2,1.79,130.38
262,Clothing,BrandB,346.14,366.7394214,295.3637282,236,1190,154,201,4,29,14,400.98,Clearance,2,Monsoon,4,0.97,325.63
263,Electronics,BrandA,286.06,275.2104284,180.0532509,198,316,109,234,3.77,83,34,1197.23,Festival,6,Monsoon,1,1.25,176.21
264,Electronics,BrandB,756.75,749.9725696,564.8929441,485,1895,148,28,3.38,165,5,1880.04,Clearance,2,Winter,9,0.46,996.58
265,Home,BrandA,81.86,73.86425148,52.80089511,486,1758,116,11,4.78,283,11,2249.37,Festival,4,Summer,6,1.63,81.44
266,Clothing,BrandC,591.4,540.8290179,412.4440029,274,3680,87,206,3.35,280,46,4889.73,Festival,6,Winter,8,1.94,374.45
267,Beauty,BrandA,774.34,757.6906921,635.8935238,381,3261,10,167,3.64,95,37,4058.54,Clearance,4,Summer,4,0.61,551.74
268,Beauty,BrandD,882.93,879.3874791,655.8452061,495,2343,59,247,4.2,380,12,3713.31,Festival,1,Summer,9,1.04,1020.49
269,Home,BrandD,374.98,382.481141,267.2731767,443,3782,41,47,3.86,265,28,2731.5,Sale,5,Summer,2,0.26,289.46
270,Home,BrandA,830.19,795.5980712,596.3610785,143,3879,105,246,3.37,443,18,4215.99,Clearance,0,Winter,9,1.16,884.49
271,Clothing,BrandA,155.1,161.1483381,114.4380581,220,1560,133,127,3.59,297,2,1762.68,Festival,6,Winter,5,1.06,171.79
272,Beauty,BrandA,854.13,915.6482686,713.6298542,69,525,122,147,4.49,295,7,3573.61,Sale,3,Summer,6,0.37,995.8
273,Beauty,BrandA,171.11,180.6870605,148.4593833,437,1026,193,118,3.2,224,7,4969.54,Clearance,0,Festival,3,0.94,167.28
274,Beauty,BrandD,427.42,388.0647757,378.9507455,386,1257,145,152,2.86,332,19,1641.68,Sale,1,Winter,4,0.73,387.19
275,Electronics,BrandB,807.43,804.2821449,675.0688203,404,2010,22,72,3.28,360,46,3402.69,Sale,1,Monsoon,6,1.09,511.11
276,Beauty,BrandA,192.42,177.216133,133.6591785,459,607,98,137,4.62,373,3,4237.14,Sale,0,Winter,7,1.21,224.78
277,Electronics,BrandA,267.79,253.974447,215.9566779,440,932,169,175,2.72,41,20,4587.46,Festival,3,Summer,1,0.12,222.28
278,Clothing,BrandD,736.14,807.7903603,538.3251491,373,2244,68,289,4.98,302,2,3617.87,Clearance,6,Festival,7,1.55,843.21
279,Electronics,BrandD,734.03,681.5462007,496.498763,373,4811,197,19,3.85,420,44,1489.68,Clearance,6,Summer,1,1.45,376.95
280,Clothing,BrandC,659.09,658.9434386,561.7170148,466,2717,139,195,4.96,245,7,1698.78,Festival,0,Monsoon,5,0.8,709.44
281,Beauty,BrandA,709.25,726.0103909,433.7261664,222,4727,56,175,4.85,207,22,201.71,Clearance,4,Winter,6,0.2,705.08
282,Beauty,BrandC,565.59,588.4924325,492.3622695,225,4840,179,141,3.63,236,15,3828.34,Sale,2,Winter,2,1.53,458.65
283,Clothing,BrandD,289.21,292.6601992,213.5651693,235,1660,149,246,3,21,12,309.42,Clearance,5,Summer,10,1.91,320.54
284,Home,BrandD,378.41,341.3084773,299.3830233,479,3538,99,93,2.91,184,2,4336.8,Festival,4,Summer,9,0.56,509.21
285,Clothing,BrandB,222.52,214.7968341,177.5278304,140,2504,76,239,3.1,467,47,681.44,Sale,6,Monsoon,10,0.71,165.18
286,Home,BrandA,913.03,916.2642524,792.9988052,85,4544,26,205,4.28,241,8,942.19,Festival,2,Festival,6,0.45,1044.96
287,Electronics,BrandC,604.22,554.4161392,477.9385666,485,1996,115,48,3.18,362,13,2434.98,Sale,5,Monsoon,7,1.2,633.62
288,Electronics,BrandD,430.81,417.9397176,337.8326183,295,4860,147,245,3.35,282,12,3715.61,Sale,5,Festival,10,0.39,547.32
289,Electronics,BrandD,488.91,443.2656664,303.1220547,483,4849,109,295,3.62,40,6,781.11,Clearance,5,Winter,8,0.78,596.85
290,Beauty,BrandC,949.92,869.8566572,717.6858445,286,2858,188,128,4.78,335,14,2256.35,Sale,1,Festival,10,1.42,1073.03
291,Electronics,BrandB,195.68,191.6459893,126.223521,165,3875,199,282,2.97,161,6,2465.97,Festival,5,Festival,1,1.16,173.06
292,Home,BrandD,606.92,562.3375691,498.4209909,257,3586,47,17,2.51,159,37,1140.2,Clearance,3,Winter,8,0.83,494.28
293,Electronics,BrandA,530.59,537.7572997,399.8879487,227,3852,71,71,2.65,473,33,666.24,Festival,0,Winter,4,0.9,391.37
294,Clothing,BrandD,630.88,654.7859319,507.2706304,199,4227,154,269,4.76,88,40,4198.46,Sale,6,Winter,10,1.17,508.32
295,Clothing,BrandA,67.2,71.23988524,41.16012568,426,4749,40,282,4.12,321,21,2562.08,Festival,3,Monsoon,8,0.11,73.51
296,Beauty,BrandC,878.52,825.8351985,549.4594446,478,2020,133,7,3.18,11,23,170.47,Festival,0,Winter,6,0.25,857.95
297,Clothing,BrandA,935.51,873.2953261,762.3443078,172,3872,149,103,2.94,423,48,4034.61,Sale,4,Summer,9,1.77,599.3
298,Home,BrandC,586.88,540.4657548,364.8194565,189,2869,132,193,3.24,72,36,4905.89,Clearance,4,Winter,4,0.25,439.73
299,Electronics,BrandA,711.82,731.242756,442.3085892,43,952,23,241,2.79,75,43,3069.04,Festival,0,Winter,2,1.44,390.13
300,Beauty,BrandC,926.37,964.6245837,559.1870785,50,414,106,62,4.85,345,0,2568.17,Sale,3,Winter,2,1.85,859.92
301,Electronics,BrandA,721.88,654.2522812,640.2717688,316,4308,84,17,4.46,200,9,4404.24,Clearance,0,Festival,5,0.61,773.93
302,Electronics,BrandB,194.91,211.9144258,160.0703263,440,3169,143,171,3.66,9,42,4767.33,Clearance,5,Monsoon,10,0.8,157.01
303,Home,BrandA,597.47,543.9332566,421.7991357,347,2608,116,25,4.66,351,15,3797.23,Clearance,1,Winter,9,1.18,658.66
304,Clothing,BrandA,626.38,631.5534397,431.5511872,323,1913,109,251,3.12,225,45,2282.72,Festival,6,Monsoon,3,1.78,336.32
305,Clothing,BrandB,452.92,471.8575381,319.268276,84,165,136,253,4.29,175,7,3001.88,Festival,4,Summer,8,1.89,495.96
306,Electronics,BrandD,749.62,805.2371749,623.980734,450,2434,41,207,4.64,275,48,3534.58,Festival,6,Summer,4,1.51,406.4
307,Beauty,BrandD,937.65,977.7977224,748.630246,288,3985,112,29,3.39,38,24,1051.94,Clearance,1,Winter,6,0.26,902.92
308,Clothing,BrandA,929.29,985.3685781,609.2041168,185,4985,147,117,4.39,59,49,2291.29,Festival,5,Summer,10,1.37,625.25
309,Beauty,BrandB,478.3,462.9418054,311.9629485,393,2540,112,282,3.24,65,11,4166.12,Sale,5,Monsoon,6,0.88,508.63
310,Clothing,BrandA,157.58,167.5020283,99.19955594,159,992,103,144,3.25,320,24,3308.15,Festival,4,Festival,3,0.99,125.32
311,Beauty,BrandC,985.6,902.8322385,786.5983082,282,1774,46,25,2.77,434,16,2114.9,Festival,4,Winter,5,0.19,1015.58
312,Home,BrandC,846.95,913.8279934,702.3856279,334,2384,156,156,3.6,123,25,3350.48,Clearance,5,Summer,3,0.46,698.37
313,Beauty,BrandA,168.43,170.0331968,114.450531,117,2817,68,73,4.32,163,45,679.29,Festival,2,Monsoon,1,1.6,83.85
314,Home,BrandD,924.8,983.4873955,560.69097,148,1187,122,120,4.85,407,47,2067.34,Sale,6,Monsoon,7,0.96,603.74
315,Home,BrandD,876.4,868.0423489,547.4445748,359,2577,15,93,4.01,410,13,3986.33,Clearance,1,Summer,4,0.67,857.51
316,Beauty,BrandA,542.9,558.4896661,483.3753639,280,4167,165,86,4.66,385,40,1180.49,Sale,6,Monsoon,7,0.83,406.05
317,Home,BrandA,611.71,614.9401543,421.2439574,356,3470,129,118,4.56,158,35,1011.21,Clearance,1,Monsoon,3,1.72,390.15
318,Electronics,BrandC,429.05,448.9226969,356.4405575,428,4828,195,233,2.93,56,22,4759.01,Clearance,2,Winter,5,1.52,363.13
319,Home,BrandD,102.02,93.48357815,80.33045319,298,3956,111,199,3.71,77,42,1128.5,Festival,3,Monsoon,5,0.62,69.65
320,Clothing,BrandA,368.44,336.0432244,263.2805523,221,3687,24,206,2.79,193,5,1378.5,Sale,1,Summer,2,0.32,373.08
321,Beauty,BrandC,812.71,771.6036539,537.7752285,390,3003,27,147,4.21,284,46,4851.12,Clearance,6,Winter,10,0.58,622.21
322,Electronics,BrandD,54.4,50.69584612,34.62102634,281,2417,40,271,4.87,14,4,3700.07,Festival,0,Summer,2,1.85,48.48
323,Beauty,BrandB,366.82,394.0955296,287.7717171,427,4271,191,139,2.84,11,42,3528.02,Clearance,5,Festival,4,1.21,227.75
324,Clothing,BrandC,428.26,404.2101164,356.4793989,75,326,189,181,4.33,100,24,4279.34,Clearance,5,Summer,4,1.11,351.55
325,Clothing,BrandD,560.53,613.8773504,444.5962954,492,2049,164,30,4.08,155,17,667.53,Clearance,2,Summer,4,1.23,497.14
326,Clothing,BrandD,923.86,893.7229092,701.2934786,433,1277,24,57,3.96,339,12,3559.19,Clearance,1,Winter,6,0.8,978.61
327,Home,BrandC,379.03,354.9326307,232.1882317,257,3802,24,232,3.48,124,42,2568.07,Clearance,3,Monsoon,2,1.63,207.93
328,Home,BrandB,379.61,401.6044901,338.0604075,165,3785,4,146,3.39,358,13,4162.84,Clearance,1,Summer,6,1.09,387.14
329,Beauty,BrandC,750.63,774.4561635,630.2396501,56,745,67,48,2.61,279,27,2589.89,Festival,5,Winter,7,0.32,716.81
330,Beauty,BrandD,479.61,479.4369295,329.8981131,432,1359,34,194,3.04,404,17,3139.18,Clearance,4,Festival,10,0.35,576.92
331,Electronics,BrandA,263.37,266.2862197,235.4504357,463,4202,185,224,2.54,393,27,2440.94,Sale,0,Winter,3,1.12,198.83
332,Electronics,BrandA,479.82,500.8554795,374.5304473,210,3284,177,136,3.95,109,26,2442.98,Festival,2,Winter,8,1.88,418.43
333,Beauty,BrandC,183.81,173.8274532,142.4025326,157,4164,181,22,2.76,333,31,3863.05,Sale,4,Monsoon,2,0.69,130.51
334,Home,BrandD,217.57,239.167474,179.3694845,133,2361,116,6,4.68,356,46,3179.98,Clearance,6,Summer,8,1.75,139.99
335,Clothing,BrandA,523.45,573.1560961,441.5462687,10,2891,23,204,3.81,145,8,3202.99,Sale,3,Festival,5,1.55,521.18
336,Beauty,BrandD,447.98,461.4485802,357.014786,465,4258,109,239,4.25,215,39,2306.38,Clearance,4,Winter,2,0.57,284.38
337,Electronics,BrandC,919.1,863.8698933,586.7798401,256,3609,69,185,3.53,397,31,2702.44,Clearance,6,Summer,7,0.17,841.83
338,Home,BrandA,394.27,408.4817178,276.5726189,352,3448,95,292,3.9,161,19,3754.02,Festival,4,Summer,2,0.29,341.39
339,Beauty,BrandD,601.56,550.090335,528.4253984,137,591,181,220,4.86,127,27,4147.11,Festival,3,Winter,6,1.48,497.28
340,Beauty,BrandA,650.65,589.5738101,434.2338444,200,2744,62,116,2.71,313,32,3513.15,Clearance,4,Summer,10,0.48,633.27
341,Home,BrandC,62.44,59.41394391,44.43543269,76,4724,169,49,3.13,331,3,4627.96,Festival,2,Winter,3,0.81,64.43
342,Beauty,BrandD,680.36,675.274031,496.4063484,13,1138,57,173,4.45,149,45,4119.59,Sale,5,Winter,9,1.05,491.03
343,Home,BrandA,219.13,235.2699108,160.3640446,451,3413,188,82,2.75,453,33,2853.13,Festival,1,Winter,3,1.48,147.07
344,Clothing,BrandC,963.02,1006.773672,754.893923,418,74,54,45,2.69,35,47,3389.89,Festival,4,Festival,3,0.32,568.76
345,Home,BrandA,191.23,200.5125536,168.8413177,312,1622,70,20,3.4,172,2,4638.91,Sale,2,Winter,5,0.87,215.51
346,Home,BrandA,443.89,437.2754472,298.3863264,303,3008,101,221,2.73,419,25,3133.92,Festival,1,Monsoon,7,1.02,407.84
347,Home,BrandB,131.08,127.0410318,83.42592012,152,4286,57,123,3.96,21,7,4141.55,Clearance,6,Summer,8,1.13,153.34
348,Beauty,BrandB,997.03,971.3143556,657.2832008,200,1817,138,234,3.07,205,5,3475.17,Sale,1,Festival,7,1.65,1097.59
349,Beauty,BrandC,527.09,578.4970417,456.5007737,30,4793,168,221,4.74,126,15,2804.49,Clearance,6,Summer,9,0.43,622.86
350,Home,BrandB,615.62,558.9964041,488.6442157,236,2285,135,3,4.46,335,23,1285.01,Sale,4,Festival,5,1.63,509.49
351,Beauty,BrandC,113.72,122.0677643,77.98599602,322,250,103,182,4.25,444,47,2187.39,Clearance,2,Monsoon,10,1.42,79.17
352,Electronics,BrandB,762.46,774.4573704,644.1140709,126,3248,166,206,4.04,355,38,4841.94,Clearance,5,Festival,3,1.16,487.13
353,Electronics,BrandA,249.41,246.3480143,214.0962872,446,306,85,40,4.66,439,29,3323.05,Festival,4,Festival,6,1.43,201.4
354,Beauty,BrandC,903.15,943.8382912,771.2488275,311,3797,61,59,3.06,216,44,2865.54,Clearance,6,Festival,5,0.88,581.07
355,Beauty,BrandC,244.88,244.2270981,214.4360189,151,4692,3,62,4.68,95,12,4671.49,Festival,3,Summer,4,0.36,249.61
356,Home,BrandA,231.15,248.4133563,156.1816535,493,2291,128,132,4.47,416,4,2973.91,Sale,1,Winter,2,1.36,214.87
357,Clothing,BrandC,84.72,91.50949238,70.02214566,469,3225,179,60,4.37,428,24,2677.8,Clearance,4,Summer,7,1.1,78.31
358,Beauty,BrandC,498.46,490.6562026,367.9441553,410,3656,86,122,3.9,163,19,3820.62,Clearance,6,Winter,5,1.31,446.23
359,Electronics,BrandB,586.6,560.4174372,500.1349053,48,3386,47,107,3.12,147,17,3592.06,Sale,1,Summer,4,0.74,544
360,Home,BrandC,112.42,114.4964048,92.02107658,402,4947,196,96,3.56,17,46,1046.48,Sale,6,Monsoon,8,1.82,71.9
361,Beauty,BrandD,786.75,851.6353724,655.3110086,364,463,76,235,4.48,293,17,2409.41,Clearance,2,Monsoon,9,1.22,843.9
362,Electronics,BrandA,480.62,452.8076923,382.9813507,261,2064,38,62,2.58,194,1,2415.33,Sale,0,Festival,9,0.26,672.45
363,Electronics,BrandB,548.17,561.6513184,358.0803386,342,1431,164,256,4.46,150,9,1953.3,Festival,4,Monsoon,3,0.95,523.89
364,Clothing,BrandB,468.72,481.0529813,357.8715052,216,1148,169,49,3.1,479,44,2634.74,Sale,5,Festival,3,1.54,261.57
365,Home,BrandD,430.72,450.8012882,385.6670851,219,3476,197,159,2.86,364,49,2124.23,Sale,4,Winter,5,1.61,236.51
366,Home,BrandA,581.66,538.7995319,512.5683428,124,3705,141,124,2.79,122,46,1076.79,Clearance,1,Monsoon,5,1.04,355.63
367,Clothing,BrandA,197.48,206.0042228,121.0457848,234,959,87,207,2.57,399,11,2120.6,Festival,2,Winter,10,1.8,223.42
368,Clothing,BrandB,222.83,241.0589433,144.7157056,143,237,58,48,3.81,186,46,454.16,Sale,6,Summer,2,0.61,124.75
369,Home,BrandC,868.7,813.0481433,555.5498356,260,4094,50,136,3.05,452,12,2921.35,Festival,3,Winter,1,0.88,737.76
370,Home,BrandB,948.81,899.0056964,775.9310995,228,3806,30,201,4.97,451,49,4282.91,Festival,5,Summer,8,1.81,573.62
371,Beauty,BrandA,404.64,442.7890622,342.0565968,416,2065,190,250,3.94,148,46,3653.91,Festival,2,Winter,3,1.8,212.95
372,Beauty,BrandD,307.21,287.6085859,204.0038481,452,2142,101,295,2.84,103,10,1865.93,Clearance,4,Winter,1,1.4,254.66
373,Clothing,BrandB,661.8,708.706411,497.5119937,100,3694,25,209,4.22,242,18,526.65,Sale,3,Monsoon,1,1.73,485.77
374,Beauty,BrandA,438.3,437.6230769,373.5240412,363,2180,112,211,4.74,461,34,1090.53,Clearance,2,Winter,2,0.27,309.84
375,Electronics,BrandB,74.12,70.37295345,60.76657515,385,407,155,192,4.36,230,38,2772.9,Sale,0,Monsoon,6,1.74,50.89
376,Beauty,BrandC,198.34,213.0469071,151.2681982,55,2472,179,44,2.69,478,25,1114.58,Sale,5,Monsoon,6,0.71,180.56
377,Beauty,BrandB,730.17,722.1827076,567.4182519,47,4307,185,29,4.74,205,45,2765.47,Clearance,1,Festival,3,0.44,442.37
378,Electronics,BrandB,675.98,677.983247,508.6804688,151,4595,126,59,4.48,197,13,1234.84,Festival,2,Festival,4,0.55,668.93
379,Clothing,BrandA,75.74,73.60766708,52.20489591,109,1547,123,71,2.9,395,44,4259.73,Festival,2,Summer,2,0.89,42.84
380,Electronics,BrandA,260.87,265.7196177,200.7411862,337,2208,47,92,2.63,399,43,2046.63,Sale,0,Winter,2,0.58,154.6
381,Beauty,BrandA,269.52,251.3825908,217.41251,199,2605,118,265,3.89,336,23,1303.2,Clearance,4,Summer,7,0.71,261.59
382,Clothing,BrandB,688.3,673.3062843,593.3124489,44,2392,39,220,2.89,492,40,4080.4,Festival,6,Winter,1,0.36,418.56
383,Beauty,BrandC,68.73,75.18254178,54.35769143,156,3001,16,215,4.59,86,0,1779.91,Festival,6,Festival,7,0.66,87.04
384,Electronics,BrandD,148.9,141.6972136,123.3392991,39,1288,22,277,3.4,141,42,646.29,Sale,5,Festival,1,1.19,81.04
385,Electronics,BrandD,809.92,835.3088319,524.8455656,343,1023,54,64,4.78,316,21,2895.01,Sale,5,Winter,6,0.94,760.32
386,Beauty,BrandA,219.62,211.9416484,162.1821758,93,4777,149,292,3.91,198,22,2949.66,Clearance,1,Winter,3,0.76,183.08
387,Home,BrandA,670.11,706.7614153,403.9419635,378,4015,16,245,2.96,45,18,3602.01,Sale,2,Festival,8,1.52,667.78
388,Home,BrandB,276.27,255.8742932,186.206991,290,1100,59,62,2.85,287,17,1277.08,Festival,3,Festival,6,1.8,252.62
389,Electronics,BrandD,144.47,158.0450093,118.1675772,433,3751,31,170,3.94,14,11,2274.48,Festival,2,Summer,2,1.54,122.56
390,Electronics,BrandA,281.01,278.4128798,252.2185543,353,2830,170,269,4.4,43,27,1483.6,Festival,6,Festival,8,0.73,267.65
391,Home,BrandC,736.15,697.2887097,463.5929874,279,1638,32,267,4.45,400,27,496.67,Festival,1,Winter,5,1.51,583.61
392,Home,BrandC,862.91,789.3032156,621.682038,163,3928,187,54,3.19,168,32,4395.41,Clearance,2,Summer,8,0.39,790.65
393,Beauty,BrandA,838.71,783.3145305,704.5342566,111,2418,162,16,3.01,309,18,3671.46,Clearance,0,Winter,8,0.35,930.28
394,Beauty,BrandA,427.32,429.0099607,282.5485522,224,486,9,8,2.54,494,27,1577.17,Sale,6,Monsoon,6,0.76,376.88
395,Home,BrandD,684.68,662.359867,524.8246689,159,2878,139,104,4.2,43,48,3036.93,Sale,2,Summer,2,1.63,336.75
396,Beauty,BrandD,244.74,260.838183,200.6675607,441,1606,10,59,2.69,97,36,1086.19,Sale,2,Winter,8,0.57,207.46
397,Beauty,BrandB,328.49,323.9494485,257.7975182,92,3908,17,40,3.55,260,25,4462.16,Clearance,6,Festival,6,0.22,313.38
398,Clothing,BrandD,901.52,856.2121782,591.7644176,119,1354,68,237,4,108,34,663.04,Festival,3,Monsoon,6,0.35,747.35
399,Beauty,BrandC,62.35,63.81079798,44.05746836,444,2434,48,94,4.84,282,33,118.8,Sale,6,Winter,8,1.73,49.86
400,Electronics,BrandC,131.23,136.6570748,109.5950988,396,232,180,222,3.28,371,34,2559.84,Festival,0,Summer,1,1.3,80.48
401,Beauty,BrandA,247.49,231.0092404,189.643656,435,1639,111,204,3.12,342,39,2957.33,Sale,0,Winter,2,0.58,156.96
402,Beauty,BrandD,75.21,70.21032825,45.24399577,284,1637,153,138,4.14,103,15,2936.93,Sale,2,Monsoon,9,1.16,83.06
403,Home,BrandB,222.36,201.7548517,184.1801716,210,709,123,207,4.05,255,37,367.11,Sale,5,Summer,8,1.1,176.69
404,Electronics,BrandC,603.89,632.4421626,368.7312522,293,209,149,81,3.33,378,12,1638.81,Sale,3,Monsoon,7,1.35,632.09
405,Beauty,BrandC,450.35,465.1038738,370.9623627,477,4003,101,218,4.82,205,22,2546.07,Sale,2,Winter,7,0.54,449.92
406,Beauty,BrandB,898.04,893.4835023,593.3746927,182,1061,102,2,4.61,334,21,1161.24,Festival,6,Festival,5,1.74,755.38
407,Clothing,BrandB,826.57,883.4661936,733.5164389,336,102,65,178,3.06,42,15,4375.87,Sale,2,Festival,2,0.69,722.96
408,Beauty,BrandC,374.73,397.6387553,266.2015313,215,2357,191,279,3.1,352,27,526.84,Festival,1,Winter,6,1.42,311.4
409,Beauty,BrandC,296.45,301.5106603,206.9456633,72,1278,51,146,3.78,244,47,2488.18,Clearance,1,Winter,10,0.13,232.65
410,Clothing,BrandB,410.71,440.9605395,264.7709433,82,1085,36,224,4.43,286,34,3487.94,Sale,5,Winter,3,0.81,288.37
411,Home,BrandC,610.78,574.8467389,422.4650828,260,3752,81,62,2.61,354,44,1382.58,Festival,3,Summer,4,0.77,381.1
412,Beauty,BrandA,304.66,281.0134862,262.9201263,133,4095,127,294,4.23,272,45,3158.78,Clearance,4,Monsoon,10,1.13,225.83
413,Clothing,BrandA,642.94,613.332563,577.9389597,384,4995,88,239,4.12,475,7,4163.99,Clearance,1,Monsoon,2,0.24,642.31
414,Electronics,BrandB,438.94,400.0575409,311.8637356,130,4499,194,195,3.08,82,43,1032.65,Clearance,4,Monsoon,2,1.6,237.25
415,Home,BrandD,574.44,578.0210047,421.9739673,284,1314,104,166,4.2,109,21,4594.38,Festival,0,Winter,8,0.51,604.5
416,Electronics,BrandB,464.32,504.864951,379.1735934,440,1934,15,222,4.85,437,20,2812.44,Sale,1,Monsoon,8,1.39,456.57
417,Electronics,BrandB,329.74,299.3606278,285.508259,407,1859,96,61,2.62,189,25,1566.24,Sale,1,Winter,10,1.63,318.97
418,Clothing,BrandD,951.03,879.1530383,739.8188859,129,3217,167,129,3.3,470,39,2211.21,Festival,3,Summer,6,1.17,675.17
419,Beauty,BrandD,775.43,768.0167385,556.3382316,431,3847,123,173,3.6,287,20,1629.74,Sale,5,Festival,5,1.51,673.7
420,Clothing,BrandD,183.11,198.9993709,132.5325556,446,2391,198,156,4.75,423,24,3653.04,Festival,4,Winter,8,1.36,171.5
421,Clothing,BrandA,875.04,842.8658476,707.6321109,326,3464,1,110,4.91,396,40,4001.87,Sale,6,Winter,4,0.78,584.44
422,Clothing,BrandC,513.06,513.8023782,308.3313487,173,867,151,269,3.61,250,0,4181.39,Clearance,1,Festival,4,1.64,528.93
423,Clothing,BrandA,899.82,817.319618,707.1476633,433,2487,122,278,4.38,211,5,4930.26,Sale,1,Festival,5,0.66,1002.38
424,Home,BrandC,809.86,752.9014449,572.2858708,474,938,167,74,3.83,290,22,3977.29,Festival,3,Summer,1,1.19,592.74
425,Beauty,BrandA,453.95,498.1311489,380.5277636,295,717,126,207,3.84,132,22,3046.78,Festival,3,Monsoon,1,1.52,322.73
426,Electronics,BrandC,71.35,77.9872438,44.80046465,274,4778,57,279,3.2,200,42,1762.18,Clearance,5,Winter,2,0.82,42.07
427,Electronics,BrandA,305.24,275.017576,237.006858,329,2674,81,204,3.04,284,42,2768.52,Festival,4,Monsoon,8,0.68,232.07
428,Beauty,BrandD,564.55,615.5640687,420.1899735,170,4282,162,161,3.22,325,22,301.23,Sale,0,Winter,7,0.97,541.91
429,Electronics,BrandB,651.8,669.9356751,516.6803333,385,4573,169,28,3.89,408,31,3749.64,Sale,6,Summer,10,1.65,579.07
430,Beauty,BrandA,294.99,316.6964435,182.7333486,317,868,73,257,2.57,94,29,2285.18,Clearance,5,Festival,9,1.87,255.85
431,Electronics,BrandC,182.39,180.7390005,141.1689729,98,2238,141,165,4.77,277,12,198.11,Festival,0,Summer,5,1.14,180.1
432,Clothing,BrandD,843.18,845.8100519,647.9377725,151,1156,70,63,2.89,449,42,406.28,Clearance,2,Festival,2,1.36,473.55
433,Electronics,BrandA,985.18,982.9823748,756.8133335,212,2274,6,22,3.05,428,17,1998.59,Sale,1,Monsoon,7,1.82,933.92
434,Beauty,BrandA,549.41,567.7453783,429.1146477,318,247,84,70,3.8,324,22,2958.77,Clearance,4,Monsoon,8,0.29,583.05
435,Beauty,BrandD,213.1,197.7419365,171.1065952,236,2721,52,96,4.28,218,14,2374.6,Festival,5,Summer,7,0.54,234.73
436,Beauty,BrandA,308.69,279.6715095,259.7616163,498,3542,3,163,2.74,88,32,3134.1,Clearance,1,Festival,7,1.45,247.49
437,Beauty,BrandB,67.47,64.87820663,45.9434412,452,2498,81,79,3.29,71,20,2453.44,Festival,4,Summer,5,1.67,57.81
438,Beauty,BrandA,918.58,956.183131,778.5101662,343,520,63,5,4.92,246,38,3342.35,Festival,4,Festival,2,1.73,534.08
439,Home,BrandB,161.86,152.2084,121.3102994,231,1998,49,120,3.16,128,22,1173.72,Sale,4,Festival,6,0.89,150.71
440,Home,BrandB,597.69,618.4217662,372.4310889,50,3949,76,178,3.28,211,26,652.93,Sale,1,Monsoon,4,0.27,516.8
441,Electronics,BrandD,310.35,339.5174407,191.6613843,205,2060,112,176,4.59,427,44,3022.53,Sale,5,Monsoon,10,0.93,238.51
442,Beauty,BrandA,576.47,529.6491891,403.6855091,77,3850,175,217,2.63,342,43,2474.98,Festival,6,Festival,2,0.54,342.93
443,Electronics,BrandD,668.85,691.9389854,558.8035029,485,4168,109,56,3.66,95,17,231.65,Clearance,3,Festival,9,0.65,755.83
444,Beauty,BrandA,838.25,828.8197243,680.9140631,273,3846,183,187,3.45,74,23,1964.36,Festival,1,Festival,7,1.57,753.12
445,Beauty,BrandA,246.1,264.2199618,205.8834428,11,4038,192,232,3.29,422,46,620.02,Sale,4,Monsoon,6,0.24,168.71
446,Home,BrandC,60.45,56.54674095,45.65067434,370,284,65,255,3.21,494,39,2703.65,Sale,5,Monsoon,5,1.67,39.5
447,Home,BrandA,180.04,186.9760753,131.8000283,134,978,81,104,2.73,53,41,2039.31,Clearance,6,Winter,3,0.91,111.97
448,Clothing,BrandD,905.02,966.2202199,583.0462457,119,3657,195,77,3.29,343,6,3104.44,Sale,2,Festival,10,1.23,1136.31
449,Home,BrandB,880.2,958.4698872,614.7825785,95,572,15,230,2.61,458,49,4047.45,Sale,0,Winter,10,0.27,655.65
450,Clothing,BrandA,617.54,640.1725975,450.9312958,434,3573,100,258,4.45,412,47,1568.38,Sale,4,Festival,4,0.74,365.69
451,Clothing,BrandC,620.49,620.1393939,388.7867042,129,4576,32,264,3.5,53,19,4814.3,Clearance,2,Monsoon,3,0.27,562.79
452,Clothing,BrandD,681.78,697.8491783,454.1906451,136,4938,96,182,3.61,217,26,2724.61,Festival,3,Winter,8,1.93,592.06
453,Clothing,BrandA,216.6,232.5809639,168.8326796,264,1679,128,256,4.73,15,5,3129.62,Sale,6,Winter,3,1.63,203.47
454,Clothing,BrandD,918.69,931.6636936,753.9679039,192,4678,196,38,4.15,98,26,3435.29,Clearance,6,Summer,7,0.97,836.62
455,Electronics,BrandC,447.83,405.7686474,402.8249898,25,1366,146,176,2.52,19,8,3366.98,Sale,4,Festival,7,0.52,528.71
456,Home,BrandC,413.98,449.6608282,364.2750771,486,2907,113,27,4.86,45,44,2603.76,Clearance,6,Monsoon,7,1.87,263.66
457,Clothing,BrandD,542.97,563.551468,430.4500879,71,1174,83,276,3.09,450,30,2200.95,Sale,2,Summer,7,0.75,477.31
458,Beauty,BrandA,94.62,97.96033931,68.72954724,378,2637,43,140,2.77,192,20,363.53,Clearance,4,Summer,2,0.41,79.99
459,Home,BrandB,207.97,196.1437923,164.473742,441,1073,116,299,4.42,382,25,208.22,Sale,1,Festival,10,1.17,209.46
460,Home,BrandC,751.13,774.9987287,627.71595,167,1428,163,287,3.75,57,39,1854.01,Festival,5,Summer,3,1.89,443.16
461,Clothing,BrandA,128.66,125.9289189,81.7635403,277,3424,78,91,3.58,436,47,1734.94,Sale,2,Festival,10,0.11,101.17
462,Electronics,BrandA,622.99,641.8333265,450.4039942,44,1569,58,61,3.12,110,44,1999.71,Clearance,5,Summer,9,0.55,479.5
463,Clothing,BrandB,283.08,260.806871,241.1673693,276,276,33,163,3.87,128,12,778,Sale,1,Festival,3,1.88,241.14
464,Electronics,BrandC,419.83,433.0836388,300.2413765,73,941,14,143,3.19,336,48,3717.02,Festival,1,Monsoon,2,0.43,230.24
465,Beauty,BrandC,324.26,356.6479789,250.1865908,59,4122,162,253,4.75,193,22,4299.13,Sale,5,Festival,9,0.32,355.37
466,Home,BrandA,387.89,352.8411936,301.1309572,478,2307,189,269,3.04,412,19,4699.7,Clearance,2,Festival,10,1.18,421.54
467,Beauty,BrandA,733.09,803.0523245,480.4253089,264,2838,132,291,4.71,339,36,2512.58,Clearance,5,Winter,9,1.74,579.48
468,Electronics,BrandB,332.27,326.0836616,235.4699911,158,446,59,187,3.9,325,27,3534.24,Festival,5,Monsoon,4,1.01,264.37
469,Electronics,BrandB,588.08,631.6865378,411.8638196,334,2128,157,291,4.57,7,16,4292.2,Clearance,0,Monsoon,9,1.99,597.4
470,Beauty,BrandC,502.25,530.6156219,305.2971891,313,4794,83,86,4.28,28,27,2149.63,Sale,2,Monsoon,3,1.39,370.18
471,Electronics,BrandD,680.49,689.6107791,413.232676,285,4474,134,166,4.24,111,40,1616.12,Sale,0,Summer,7,0.24,538.28
472,Beauty,BrandC,939.99,984.8179744,798.5300712,366,3287,121,114,3.31,434,1,4689.95,Sale,4,Winter,7,1.99,1047.79
473,Home,BrandA,745.94,802.4099796,508.672332,460,3943,177,183,3.08,160,24,2626.82,Clearance,6,Monsoon,8,0.87,730.16
474,Beauty,BrandC,254.19,249.3166857,192.0211325,181,2055,168,207,3.03,130,49,2536.54,Sale,5,Summer,10,0.65,182.59
475,Home,BrandD,79.62,76.86567606,54.90735905,426,2066,83,256,4.64,187,40,974.24,Sale,4,Summer,4,1.16,51.37
476,Beauty,BrandB,299.15,309.1771123,263.9112589,210,3221,193,235,4.55,162,5,629.96,Sale,2,Summer,3,0.68,306.01
477,Electronics,BrandD,615.32,653.204753,417.0571445,454,2718,197,3,3.6,196,10,4226.32,Festival,5,Winter,3,0.26,620.72
478,Beauty,BrandD,98.85,104.0353771,72.05147278,402,1928,27,208,2.83,474,37,3109.25,Clearance,6,Summer,5,0.1,77.07
479,Electronics,BrandD,521.55,552.6149417,449.4817386,333,1246,80,197,3.46,363,5,1696.54,Clearance,4,Winter,1,0.95,475.11
480,Beauty,BrandB,617,609.050981,526.0419032,44,1822,134,125,4.05,203,44,1039.51,Clearance,3,Festival,10,1.69,443.35
481,Beauty,BrandD,367.53,390.8927219,241.0373562,474,211,13,138,3.64,211,10,2821.94,Festival,1,Summer,3,1.19,339.94
482,Clothing,BrandD,782.37,722.9425917,657.8112139,491,4026,64,25,4.45,108,13,2961.2,Clearance,5,Monsoon,6,2,737.38
483,Electronics,BrandD,151.27,152.6159732,111.5549791,225,1801,190,68,4.99,275,1,1114.27,Festival,6,Summer,3,0.65,161.71
484,Clothing,BrandA,121.38,109.3817972,90.41482851,489,825,147,61,2.98,72,39,4271.89,Festival,1,Festival,5,0.63,87.07
485,Electronics,BrandD,741.78,715.7562554,474.7718322,74,989,80,29,3.65,166,2,512.9,Clearance,0,Festival,9,0.4,1013.53
486,Clothing,BrandB,520.72,506.8127701,325.0232461,17,3270,123,19,3.58,259,34,1844.86,Sale,4,Summer,2,0.41,363.15
487,Home,BrandD,703.98,689.3615303,576.124414,310,589,43,171,3.26,242,32,3433.88,Sale,0,Festival,2,0.64,494.9
488,Beauty,BrandD,463.09,481.1937817,346.8258585,352,4967,89,74,3,274,23,1443.19,Clearance,6,Winter,6,1.61,399.27
489,Electronics,BrandB,284.08,277.7483171,207.6781643,440,1511,148,61,2.66,101,18,4155.61,Clearance,5,Winter,6,1.82,256.2
490,Electronics,BrandD,828.15,819.6521247,678.1326719,433,405,95,153,4.72,474,17,3725.35,Festival,1,Summer,8,1.95,805.28
491,Beauty,BrandB,809.45,766.9610193,671.5633248,341,3654,196,276,3.55,172,48,3966.21,Clearance,1,Winter,2,0.54,439.28
492,Electronics,BrandD,709.96,691.9627684,459.8215328,447,3373,172,48,3.74,170,23,683.62,Festival,4,Winter,9,1.77,673.47
493,Electronics,BrandB,308.54,291.7103542,241.6076603,85,284,151,211,4.79,140,44,788.68,Clearance,5,Monsoon,2,0.72,177.3
494,Clothing,BrandD,610.72,558.5884429,391.2310335,183,1598,2,139,4.44,396,34,1503.72,Sale,3,Summer,1,0.31,410.5
495,Electronics,BrandD,392.93,401.0596112,324.3293438,56,2146,120,110,2.83,187,0,2638.58,Sale,3,Festival,10,1.75,501.61
496,Home,BrandA,137,141.6090307,109.2008569,24,4263,22,183,3.91,440,35,3765.28,Clearance,4,Summer,2,1.31,86.61
497,Home,BrandA,921.45,943.4708759,817.3117628,370,2151,115,28,3.61,85,24,4199,Festival,5,Winter,7,0.41,908.17
498,Beauty,BrandD,179.98,178.6659316,111.7113191,156,1723,57,197,4.49,475,44,3551.24,Sale,4,Monsoon,8,0.92,129.22
499,Electronics,BrandD,952.73,929.8236613,587.9453233,35,2150,72,191,4.31,51,48,4650.12,Festival,5,Summer,5,0.65,581.48
500,Beauty,BrandC,473.71,508.1329566,324.3284517,317,3707,7,51,4.23,110,42,3719.84,Clearance,6,Summer,6,1.5,310.59
